[
	{
		"fact_inventory_transaction_key" : 93,
		"inventory_transaction_key" : 86,
		"product_key" : 80,
		"transaction_created_date_key" : 20060324,
		"transaction_modified_date_key" : 20060324,
		"inventory_transaction_type" : "On Hold",
		"quantity" : 20,
		"purchase_order_key" : null,
		"order_key" : null
	},
	{
		"fact_inventory_transaction_key" : 94,
		"inventory_transaction_key" : 87,
		"product_key" : 81,
		"transaction_created_date_key" : 20060324,
		"transaction_modified_date_key" : 20060324,
		"inventory_transaction_type" : "On Hold",
		"quantity" : 50,
		"purchase_order_key" : null,
		"order_key" : null
	},
	{
		"fact_inventory_transaction_key" : 95,
		"inventory_transaction_key" : 88,
		"product_key" : 1,
		"transaction_created_date_key" : 20060324,
		"transaction_modified_date_key" : 20060324,
		"inventory_transaction_type" : "On Hold",
		"quantity" : 25,
		"purchase_order_key" : null,
		"order_key" : null
	},
	{
		"fact_inventory_transaction_key" : 96,
		"inventory_transaction_key" : 89,
		"product_key" : 43,
		"transaction_created_date_key" : 20060324,
		"transaction_modified_date_key" : 20060324,
		"inventory_transaction_type" : "On Hold",
		"quantity" : 25,
		"purchase_order_key" : null,
		"order_key" : null
	},
	{
		"fact_inventory_transaction_key" : 97,
		"inventory_transaction_key" : 90,
		"product_key" : 81,
		"transaction_created_date_key" : 20060324,
		"transaction_modified_date_key" : 20060324,
		"inventory_transaction_type" : "On Hold",
		"quantity" : 25,
		"purchase_order_key" : null,
		"order_key" : null
	},
	{
		"fact_inventory_transaction_key" : 98,
		"inventory_transaction_key" : 96,
		"product_key" : 34,
		"transaction_created_date_key" : 20060330,
		"transaction_modified_date_key" : 20060330,
		"inventory_transaction_type" : "On Hold",
		"quantity" : 12,
		"purchase_order_key" : null,
		"order_key" : null
	},
	{
		"fact_inventory_transaction_key" : 99,
		"inventory_transaction_key" : 97,
		"product_key" : 34,
		"transaction_created_date_key" : 20060330,
		"transaction_modified_date_key" : 20060330,
		"inventory_transaction_type" : "On Hold",
		"quantity" : 10,
		"purchase_order_key" : null,
		"order_key" : null
	},
	{
		"fact_inventory_transaction_key" : 100,
		"inventory_transaction_key" : 98,
		"product_key" : 34,
		"transaction_created_date_key" : 20060330,
		"transaction_modified_date_key" : 20060330,
		"inventory_transaction_type" : "On Hold",
		"quantity" : 1,
		"purchase_order_key" : null,
		"order_key" : null
	},
	{
		"fact_inventory_transaction_key" : 101,
		"inventory_transaction_key" : 104,
		"product_key" : 43,
		"transaction_created_date_key" : 20060404,
		"transaction_modified_date_key" : 20060404,
		"inventory_transaction_type" : "On Hold",
		"quantity" : 300,
		"purchase_order_key" : null,
		"order_key" : null
	},
	{
		"fact_inventory_transaction_key" : 68,
		"inventory_transaction_key" : 106,
		"product_key" : 8,
		"transaction_created_date_key" : 20060404,
		"transaction_modified_date_key" : 20060404,
		"inventory_transaction_type" : "Sold",
		"quantity" : 25,
		"purchase_order_key" : null,
		"order_key" : null
	},
	{
		"fact_inventory_transaction_key" : 69,
		"inventory_transaction_key" : 108,
		"product_key" : 34,
		"transaction_created_date_key" : 20060404,
		"transaction_modified_date_key" : 20060404,
		"inventory_transaction_type" : "Sold",
		"quantity" : 300,
		"purchase_order_key" : null,
		"order_key" : null
	},
	{
		"fact_inventory_transaction_key" : 70,
		"inventory_transaction_key" : 110,
		"product_key" : 19,
		"transaction_created_date_key" : 20060404,
		"transaction_modified_date_key" : 20060404,
		"inventory_transaction_type" : "Sold",
		"quantity" : 10,
		"purchase_order_key" : null,
		"order_key" : null
	},
	{
		"fact_inventory_transaction_key" : 71,
		"inventory_transaction_key" : 112,
		"product_key" : 19,
		"transaction_created_date_key" : 20060404,
		"transaction_modified_date_key" : 20060404,
		"inventory_transaction_type" : "Sold",
		"quantity" : 25,
		"purchase_order_key" : null,
		"order_key" : null
	},
	{
		"fact_inventory_transaction_key" : 72,
		"inventory_transaction_key" : 114,
		"product_key" : 72,
		"transaction_created_date_key" : 20060404,
		"transaction_modified_date_key" : 20060404,
		"inventory_transaction_type" : "Sold",
		"quantity" : 50,
		"purchase_order_key" : null,
		"order_key" : null
	},
	{
		"fact_inventory_transaction_key" : 73,
		"inventory_transaction_key" : 116,
		"product_key" : 41,
		"transaction_created_date_key" : 20060404,
		"transaction_modified_date_key" : 20060404,
		"inventory_transaction_type" : "Sold",
		"quantity" : 50,
		"purchase_order_key" : null,
		"order_key" : null
	},
	{
		"fact_inventory_transaction_key" : 74,
		"inventory_transaction_key" : 117,
		"product_key" : 34,
		"transaction_created_date_key" : 20060404,
		"transaction_modified_date_key" : 20060404,
		"inventory_transaction_type" : "Sold",
		"quantity" : 87,
		"purchase_order_key" : null,
		"order_key" : null
	},
	{
		"fact_inventory_transaction_key" : 75,
		"inventory_transaction_key" : 118,
		"product_key" : 51,
		"transaction_created_date_key" : 20060404,
		"transaction_modified_date_key" : 20060404,
		"inventory_transaction_type" : "Sold",
		"quantity" : 30,
		"purchase_order_key" : null,
		"order_key" : null
	},
	{
		"fact_inventory_transaction_key" : 76,
		"inventory_transaction_key" : 119,
		"product_key" : 7,
		"transaction_created_date_key" : 20060404,
		"transaction_modified_date_key" : 20060404,
		"inventory_transaction_type" : "Sold",
		"quantity" : 30,
		"purchase_order_key" : null,
		"order_key" : null
	},
	{
		"fact_inventory_transaction_key" : 77,
		"inventory_transaction_key" : 120,
		"product_key" : 17,
		"transaction_created_date_key" : 20060404,
		"transaction_modified_date_key" : 20060404,
		"inventory_transaction_type" : "Sold",
		"quantity" : 40,
		"purchase_order_key" : null,
		"order_key" : null
	},
	{
		"fact_inventory_transaction_key" : 78,
		"inventory_transaction_key" : 121,
		"product_key" : 6,
		"transaction_created_date_key" : 20060404,
		"transaction_modified_date_key" : 20060404,
		"inventory_transaction_type" : "Sold",
		"quantity" : 90,
		"purchase_order_key" : null,
		"order_key" : null
	},
	{
		"fact_inventory_transaction_key" : 79,
		"inventory_transaction_key" : 122,
		"product_key" : 4,
		"transaction_created_date_key" : 20060404,
		"transaction_modified_date_key" : 20060404,
		"inventory_transaction_type" : "Sold",
		"quantity" : 30,
		"purchase_order_key" : null,
		"order_key" : null
	},
	{
		"fact_inventory_transaction_key" : 80,
		"inventory_transaction_key" : 123,
		"product_key" : 48,
		"transaction_created_date_key" : 20060404,
		"transaction_modified_date_key" : 20060404,
		"inventory_transaction_type" : "Sold",
		"quantity" : 40,
		"purchase_order_key" : null,
		"order_key" : null
	},
	{
		"fact_inventory_transaction_key" : 81,
		"inventory_transaction_key" : 124,
		"product_key" : 48,
		"transaction_created_date_key" : 20060404,
		"transaction_modified_date_key" : 20060404,
		"inventory_transaction_type" : "Sold",
		"quantity" : 40,
		"purchase_order_key" : null,
		"order_key" : null
	},
	{
		"fact_inventory_transaction_key" : 82,
		"inventory_transaction_key" : 125,
		"product_key" : 41,
		"transaction_created_date_key" : 20060404,
		"transaction_modified_date_key" : 20060404,
		"inventory_transaction_type" : "Sold",
		"quantity" : 10,
		"purchase_order_key" : null,
		"order_key" : null
	},
	{
		"fact_inventory_transaction_key" : 83,
		"inventory_transaction_key" : 126,
		"product_key" : 43,
		"transaction_created_date_key" : 20060404,
		"transaction_modified_date_key" : 20060404,
		"inventory_transaction_type" : "Sold",
		"quantity" : 5,
		"purchase_order_key" : null,
		"order_key" : null
	},
	{
		"fact_inventory_transaction_key" : 84,
		"inventory_transaction_key" : 127,
		"product_key" : 40,
		"transaction_created_date_key" : 20060404,
		"transaction_modified_date_key" : 20060404,
		"inventory_transaction_type" : "Sold",
		"quantity" : 40,
		"purchase_order_key" : null,
		"order_key" : null
	},
	{
		"fact_inventory_transaction_key" : 85,
		"inventory_transaction_key" : 128,
		"product_key" : 8,
		"transaction_created_date_key" : 20060404,
		"transaction_modified_date_key" : 20060404,
		"inventory_transaction_type" : "Sold",
		"quantity" : 20,
		"purchase_order_key" : null,
		"order_key" : null
	},
	{
		"fact_inventory_transaction_key" : 86,
		"inventory_transaction_key" : 129,
		"product_key" : 80,
		"transaction_created_date_key" : 20060404,
		"transaction_modified_date_key" : 20060404,
		"inventory_transaction_type" : "Sold",
		"quantity" : 15,
		"purchase_order_key" : null,
		"order_key" : null
	},
	{
		"fact_inventory_transaction_key" : 87,
		"inventory_transaction_key" : 130,
		"product_key" : 74,
		"transaction_created_date_key" : 20060404,
		"transaction_modified_date_key" : 20060404,
		"inventory_transaction_type" : "Sold",
		"quantity" : 20,
		"purchase_order_key" : null,
		"order_key" : null
	},
	{
		"fact_inventory_transaction_key" : 88,
		"inventory_transaction_key" : 131,
		"product_key" : 72,
		"transaction_created_date_key" : 20060404,
		"transaction_modified_date_key" : 20060404,
		"inventory_transaction_type" : "Sold",
		"quantity" : 40,
		"purchase_order_key" : null,
		"order_key" : null
	},
	{
		"fact_inventory_transaction_key" : 89,
		"inventory_transaction_key" : 132,
		"product_key" : 3,
		"transaction_created_date_key" : 20060404,
		"transaction_modified_date_key" : 20060404,
		"inventory_transaction_type" : "Sold",
		"quantity" : 50,
		"purchase_order_key" : null,
		"order_key" : null
	},
	{
		"fact_inventory_transaction_key" : 90,
		"inventory_transaction_key" : 133,
		"product_key" : 8,
		"transaction_created_date_key" : 20060404,
		"transaction_modified_date_key" : 20060404,
		"inventory_transaction_type" : "Sold",
		"quantity" : 3,
		"purchase_order_key" : null,
		"order_key" : null
	},
	{
		"fact_inventory_transaction_key" : 91,
		"inventory_transaction_key" : 134,
		"product_key" : 20,
		"transaction_created_date_key" : 20060404,
		"transaction_modified_date_key" : 20060404,
		"inventory_transaction_type" : "Sold",
		"quantity" : 40,
		"purchase_order_key" : null,
		"order_key" : null
	},
	{
		"fact_inventory_transaction_key" : 92,
		"inventory_transaction_key" : 135,
		"product_key" : 52,
		"transaction_created_date_key" : 20060404,
		"transaction_modified_date_key" : 20060404,
		"inventory_transaction_type" : "Sold",
		"quantity" : 40,
		"purchase_order_key" : null,
		"order_key" : null
	},
	{
		"fact_inventory_transaction_key" : 102,
		"inventory_transaction_key" : 136,
		"product_key" : 56,
		"transaction_created_date_key" : 20060425,
		"transaction_modified_date_key" : 20060425,
		"inventory_transaction_type" : "On Hold",
		"quantity" : 110,
		"purchase_order_key" : null,
		"order_key" : null
	}
]
