[
	{
		"fact_inventory_transaction_key" : 1,
		"inventory_transaction_key" : 35,
		"product_key" : 80,
		"transaction_created_date_key" : 20060322,
		"transaction_modified_date_key" : 20060322,
		"inventory_transaction_type" : "Purchased",
		"quantity" : 75,
		"purchase_order_key" : null,
		"order_key" : null
	},
	{
		"fact_inventory_transaction_key" : 2,
		"inventory_transaction_key" : 36,
		"product_key" : 72,
		"transaction_created_date_key" : 20060322,
		"transaction_modified_date_key" : 20060322,
		"inventory_transaction_type" : "Purchased",
		"quantity" : 40,
		"purchase_order_key" : null,
		"order_key" : null
	},
	{
		"fact_inventory_transaction_key" : 3,
		"inventory_transaction_key" : 37,
		"product_key" : 52,
		"transaction_created_date_key" : 20060322,
		"transaction_modified_date_key" : 20060322,
		"inventory_transaction_type" : "Purchased",
		"quantity" : 100,
		"purchase_order_key" : null,
		"order_key" : null
	},
	{
		"fact_inventory_transaction_key" : 4,
		"inventory_transaction_key" : 38,
		"product_key" : 56,
		"transaction_created_date_key" : 20060322,
		"transaction_modified_date_key" : 20060322,
		"inventory_transaction_type" : "Purchased",
		"quantity" : 120,
		"purchase_order_key" : null,
		"order_key" : null
	},
	{
		"fact_inventory_transaction_key" : 5,
		"inventory_transaction_key" : 39,
		"product_key" : 57,
		"transaction_created_date_key" : 20060322,
		"transaction_modified_date_key" : 20060322,
		"inventory_transaction_type" : "Purchased",
		"quantity" : 80,
		"purchase_order_key" : null,
		"order_key" : null
	},
	{
		"fact_inventory_transaction_key" : 6,
		"inventory_transaction_key" : 40,
		"product_key" : 6,
		"transaction_created_date_key" : 20060322,
		"transaction_modified_date_key" : 20060322,
		"inventory_transaction_type" : "Purchased",
		"quantity" : 100,
		"purchase_order_key" : null,
		"order_key" : null
	},
	{
		"fact_inventory_transaction_key" : 7,
		"inventory_transaction_key" : 41,
		"product_key" : 7,
		"transaction_created_date_key" : 20060322,
		"transaction_modified_date_key" : 20060322,
		"inventory_transaction_type" : "Purchased",
		"quantity" : 40,
		"purchase_order_key" : null,
		"order_key" : null
	},
	{
		"fact_inventory_transaction_key" : 8,
		"inventory_transaction_key" : 42,
		"product_key" : 8,
		"transaction_created_date_key" : 20060322,
		"transaction_modified_date_key" : 20060322,
		"inventory_transaction_type" : "Purchased",
		"quantity" : 40,
		"purchase_order_key" : null,
		"order_key" : null
	},
	{
		"fact_inventory_transaction_key" : 9,
		"inventory_transaction_key" : 43,
		"product_key" : 14,
		"transaction_created_date_key" : 20060322,
		"transaction_modified_date_key" : 20060322,
		"inventory_transaction_type" : "Purchased",
		"quantity" : 40,
		"purchase_order_key" : null,
		"order_key" : null
	},
	{
		"fact_inventory_transaction_key" : 10,
		"inventory_transaction_key" : 44,
		"product_key" : 17,
		"transaction_created_date_key" : 20060322,
		"transaction_modified_date_key" : 20060322,
		"inventory_transaction_type" : "Purchased",
		"quantity" : 40,
		"purchase_order_key" : null,
		"order_key" : null
	},
	{
		"fact_inventory_transaction_key" : 11,
		"inventory_transaction_key" : 45,
		"product_key" : 19,
		"transaction_created_date_key" : 20060322,
		"transaction_modified_date_key" : 20060322,
		"inventory_transaction_type" : "Purchased",
		"quantity" : 20,
		"purchase_order_key" : null,
		"order_key" : null
	},
	{
		"fact_inventory_transaction_key" : 12,
		"inventory_transaction_key" : 46,
		"product_key" : 20,
		"transaction_created_date_key" : 20060322,
		"transaction_modified_date_key" : 20060322,
		"inventory_transaction_type" : "Purchased",
		"quantity" : 40,
		"purchase_order_key" : null,
		"order_key" : null
	},
	{
		"fact_inventory_transaction_key" : 13,
		"inventory_transaction_key" : 47,
		"product_key" : 21,
		"transaction_created_date_key" : 20060322,
		"transaction_modified_date_key" : 20060322,
		"inventory_transaction_type" : "Purchased",
		"quantity" : 20,
		"purchase_order_key" : null,
		"order_key" : null
	},
	{
		"fact_inventory_transaction_key" : 14,
		"inventory_transaction_key" : 48,
		"product_key" : 40,
		"transaction_created_date_key" : 20060322,
		"transaction_modified_date_key" : 20060322,
		"inventory_transaction_type" : "Purchased",
		"quantity" : 120,
		"purchase_order_key" : null,
		"order_key" : null
	},
	{
		"fact_inventory_transaction_key" : 15,
		"inventory_transaction_key" : 49,
		"product_key" : 41,
		"transaction_created_date_key" : 20060322,
		"transaction_modified_date_key" : 20060322,
		"inventory_transaction_type" : "Purchased",
		"quantity" : 40,
		"purchase_order_key" : null,
		"order_key" : null
	},
	{
		"fact_inventory_transaction_key" : 16,
		"inventory_transaction_key" : 50,
		"product_key" : 48,
		"transaction_created_date_key" : 20060322,
		"transaction_modified_date_key" : 20060322,
		"inventory_transaction_type" : "Purchased",
		"quantity" : 100,
		"purchase_order_key" : null,
		"order_key" : null
	},
	{
		"fact_inventory_transaction_key" : 17,
		"inventory_transaction_key" : 51,
		"product_key" : 51,
		"transaction_created_date_key" : 20060322,
		"transaction_modified_date_key" : 20060322,
		"inventory_transaction_type" : "Purchased",
		"quantity" : 40,
		"purchase_order_key" : null,
		"order_key" : null
	},
	{
		"fact_inventory_transaction_key" : 18,
		"inventory_transaction_key" : 52,
		"product_key" : 74,
		"transaction_created_date_key" : 20060322,
		"transaction_modified_date_key" : 20060322,
		"inventory_transaction_type" : "Purchased",
		"quantity" : 20,
		"purchase_order_key" : null,
		"order_key" : null
	},
	{
		"fact_inventory_transaction_key" : 19,
		"inventory_transaction_key" : 53,
		"product_key" : 77,
		"transaction_created_date_key" : 20060322,
		"transaction_modified_date_key" : 20060322,
		"inventory_transaction_type" : "Purchased",
		"quantity" : 60,
		"purchase_order_key" : null,
		"order_key" : null
	},
	{
		"fact_inventory_transaction_key" : 20,
		"inventory_transaction_key" : 54,
		"product_key" : 3,
		"transaction_created_date_key" : 20060322,
		"transaction_modified_date_key" : 20060322,
		"inventory_transaction_type" : "Purchased",
		"quantity" : 100,
		"purchase_order_key" : null,
		"order_key" : null
	},
	{
		"fact_inventory_transaction_key" : 21,
		"inventory_transaction_key" : 55,
		"product_key" : 4,
		"transaction_created_date_key" : 20060322,
		"transaction_modified_date_key" : 20060322,
		"inventory_transaction_type" : "Purchased",
		"quantity" : 40,
		"purchase_order_key" : null,
		"order_key" : null
	},
	{
		"fact_inventory_transaction_key" : 22,
		"inventory_transaction_key" : 56,
		"product_key" : 5,
		"transaction_created_date_key" : 20060322,
		"transaction_modified_date_key" : 20060322,
		"inventory_transaction_type" : "Purchased",
		"quantity" : 40,
		"purchase_order_key" : null,
		"order_key" : null
	},
	{
		"fact_inventory_transaction_key" : 23,
		"inventory_transaction_key" : 57,
		"product_key" : 65,
		"transaction_created_date_key" : 20060322,
		"transaction_modified_date_key" : 20060322,
		"inventory_transaction_type" : "Purchased",
		"quantity" : 40,
		"purchase_order_key" : null,
		"order_key" : null
	},
	{
		"fact_inventory_transaction_key" : 24,
		"inventory_transaction_key" : 58,
		"product_key" : 66,
		"transaction_created_date_key" : 20060322,
		"transaction_modified_date_key" : 20060322,
		"inventory_transaction_type" : "Purchased",
		"quantity" : 80,
		"purchase_order_key" : null,
		"order_key" : null
	},
	{
		"fact_inventory_transaction_key" : 25,
		"inventory_transaction_key" : 59,
		"product_key" : 1,
		"transaction_created_date_key" : 20060322,
		"transaction_modified_date_key" : 20060322,
		"inventory_transaction_type" : "Purchased",
		"quantity" : 40,
		"purchase_order_key" : null,
		"order_key" : null
	},
	{
		"fact_inventory_transaction_key" : 26,
		"inventory_transaction_key" : 60,
		"product_key" : 34,
		"transaction_created_date_key" : 20060322,
		"transaction_modified_date_key" : 20060322,
		"inventory_transaction_type" : "Purchased",
		"quantity" : 60,
		"purchase_order_key" : null,
		"order_key" : null
	},
	{
		"fact_inventory_transaction_key" : 27,
		"inventory_transaction_key" : 61,
		"product_key" : 43,
		"transaction_created_date_key" : 20060322,
		"transaction_modified_date_key" : 20060322,
		"inventory_transaction_type" : "Purchased",
		"quantity" : 100,
		"purchase_order_key" : null,
		"order_key" : null
	},
	{
		"fact_inventory_transaction_key" : 28,
		"inventory_transaction_key" : 62,
		"product_key" : 81,
		"transaction_created_date_key" : 20060322,
		"transaction_modified_date_key" : 20060322,
		"inventory_transaction_type" : "Purchased",
		"quantity" : 125,
		"purchase_order_key" : null,
		"order_key" : null
	},
	{
		"fact_inventory_transaction_key" : 29,
		"inventory_transaction_key" : 72,
		"product_key" : 81,
		"transaction_created_date_key" : 20060324,
		"transaction_modified_date_key" : 20060324,
		"inventory_transaction_type" : "Purchased",
		"quantity" : 200,
		"purchase_order_key" : null,
		"order_key" : null
	},
	{
		"fact_inventory_transaction_key" : 30,
		"inventory_transaction_key" : 74,
		"product_key" : 48,
		"transaction_created_date_key" : 20060324,
		"transaction_modified_date_key" : 20060324,
		"inventory_transaction_type" : "Purchased",
		"quantity" : 100,
		"purchase_order_key" : null,
		"order_key" : null
	},
	{
		"fact_inventory_transaction_key" : 31,
		"inventory_transaction_key" : 76,
		"product_key" : 43,
		"transaction_created_date_key" : 20060324,
		"transaction_modified_date_key" : 20060324,
		"inventory_transaction_type" : "Purchased",
		"quantity" : 300,
		"purchase_order_key" : null,
		"order_key" : null
	},
	{
		"fact_inventory_transaction_key" : 32,
		"inventory_transaction_key" : 78,
		"product_key" : 41,
		"transaction_created_date_key" : 20060324,
		"transaction_modified_date_key" : 20060324,
		"inventory_transaction_type" : "Purchased",
		"quantity" : 200,
		"purchase_order_key" : null,
		"order_key" : null
	},
	{
		"fact_inventory_transaction_key" : 33,
		"inventory_transaction_key" : 80,
		"product_key" : 19,
		"transaction_created_date_key" : 20060324,
		"transaction_modified_date_key" : 20060324,
		"inventory_transaction_type" : "Purchased",
		"quantity" : 30,
		"purchase_order_key" : null,
		"order_key" : null
	},
	{
		"fact_inventory_transaction_key" : 34,
		"inventory_transaction_key" : 82,
		"product_key" : 34,
		"transaction_created_date_key" : 20060324,
		"transaction_modified_date_key" : 20060324,
		"inventory_transaction_type" : "Purchased",
		"quantity" : 100,
		"purchase_order_key" : null,
		"order_key" : null
	}
]
