[
	{
		"fact_purchase_order_key" : 1,
		"purchase_order_key" : 90,
		"supplier_key" : 1,
		"product_key" : 1,
		"inventory_key" : 59,
		"created_by" : 2,
		"purchase_order_status" : "Approved",
		"po_detail_posted_to_inventory" : 1,
		"po_detail_unit_cost" : 14,
		"po_detail_quantity" : 40,
		"shipping_fee" : 0,
		"taxes" : 0,
		"payment_date" : null,
		"payment_amount" : 0,
		"approved_by" : 2,
		"submitted_by" : 2,
		"submitted_date_key" : 20060114,
		"creation_date_key" : 20060122,
		"po_detail_date_received_key" : 20060122,
		"approved_date_key" : 20060122
	},
	{
		"fact_purchase_order_key" : 2,
		"purchase_order_key" : 90,
		"supplier_key" : 1,
		"product_key" : 34,
		"inventory_key" : 60,
		"created_by" : 2,
		"purchase_order_status" : "Approved",
		"po_detail_posted_to_inventory" : 1,
		"po_detail_unit_cost" : 10,
		"po_detail_quantity" : 60,
		"shipping_fee" : 0,
		"taxes" : 0,
		"payment_date" : null,
		"payment_amount" : 0,
		"approved_by" : 2,
		"submitted_by" : 2,
		"submitted_date_key" : 20060114,
		"creation_date_key" : 20060122,
		"po_detail_date_received_key" : 20060122,
		"approved_date_key" : 20060122
	},
	{
		"fact_purchase_order_key" : 3,
		"purchase_order_key" : 90,
		"supplier_key" : 1,
		"product_key" : 43,
		"inventory_key" : 61,
		"created_by" : 2,
		"purchase_order_status" : "Approved",
		"po_detail_posted_to_inventory" : 1,
		"po_detail_unit_cost" : 34,
		"po_detail_quantity" : 100,
		"shipping_fee" : 0,
		"taxes" : 0,
		"payment_date" : null,
		"payment_amount" : 0,
		"approved_by" : 2,
		"submitted_by" : 2,
		"submitted_date_key" : 20060114,
		"creation_date_key" : 20060122,
		"po_detail_date_received_key" : 20060122,
		"approved_date_key" : 20060122
	},
	{
		"fact_purchase_order_key" : 4,
		"purchase_order_key" : 90,
		"supplier_key" : 1,
		"product_key" : 81,
		"inventory_key" : 62,
		"created_by" : 2,
		"purchase_order_status" : "Approved",
		"po_detail_posted_to_inventory" : 1,
		"po_detail_unit_cost" : 2,
		"po_detail_quantity" : 125,
		"shipping_fee" : 0,
		"taxes" : 0,
		"payment_date" : null,
		"payment_amount" : 0,
		"approved_by" : 2,
		"submitted_by" : 2,
		"submitted_date_key" : 20060114,
		"creation_date_key" : 20060122,
		"po_detail_date_received_key" : 20060122,
		"approved_date_key" : 20060122
	},
	{
		"fact_purchase_order_key" : 5,
		"purchase_order_key" : 90,
		"supplier_key" : 1,
		"product_key" : 1,
		"inventory_key" : null,
		"created_by" : 2,
		"purchase_order_status" : "Approved",
		"po_detail_posted_to_inventory" : 0,
		"po_detail_unit_cost" : 14,
		"po_detail_quantity" : 40,
		"shipping_fee" : 0,
		"taxes" : 0,
		"payment_date" : null,
		"payment_amount" : 0,
		"approved_by" : 2,
		"submitted_by" : 2,
		"submitted_date_key" : 20060114,
		"creation_date_key" : 20060122,
		"po_detail_date_received_key" : null,
		"approved_date_key" : 20060122
	},
	{
		"fact_purchase_order_key" : 6,
		"purchase_order_key" : 91,
		"supplier_key" : 3,
		"product_key" : 3,
		"inventory_key" : 54,
		"created_by" : 2,
		"purchase_order_status" : "Approved",
		"po_detail_posted_to_inventory" : 1,
		"po_detail_unit_cost" : 8,
		"po_detail_quantity" : 100,
		"shipping_fee" : 0,
		"taxes" : 0,
		"payment_date" : null,
		"payment_amount" : 0,
		"approved_by" : 2,
		"submitted_by" : 2,
		"submitted_date_key" : 20060114,
		"creation_date_key" : 20060122,
		"po_detail_date_received_key" : 20060122,
		"approved_date_key" : 20060122
	},
	{
		"fact_purchase_order_key" : 7,
		"purchase_order_key" : 91,
		"supplier_key" : 3,
		"product_key" : 4,
		"inventory_key" : 55,
		"created_by" : 2,
		"purchase_order_status" : "Approved",
		"po_detail_posted_to_inventory" : 1,
		"po_detail_unit_cost" : 16,
		"po_detail_quantity" : 40,
		"shipping_fee" : 0,
		"taxes" : 0,
		"payment_date" : null,
		"payment_amount" : 0,
		"approved_by" : 2,
		"submitted_by" : 2,
		"submitted_date_key" : 20060114,
		"creation_date_key" : 20060122,
		"po_detail_date_received_key" : 20060122,
		"approved_date_key" : 20060122
	},
	{
		"fact_purchase_order_key" : 8,
		"purchase_order_key" : 91,
		"supplier_key" : 3,
		"product_key" : 5,
		"inventory_key" : 56,
		"created_by" : 2,
		"purchase_order_status" : "Approved",
		"po_detail_posted_to_inventory" : 1,
		"po_detail_unit_cost" : 16,
		"po_detail_quantity" : 40,
		"shipping_fee" : 0,
		"taxes" : 0,
		"payment_date" : null,
		"payment_amount" : 0,
		"approved_by" : 2,
		"submitted_by" : 2,
		"submitted_date_key" : 20060114,
		"creation_date_key" : 20060122,
		"po_detail_date_received_key" : 20060122,
		"approved_date_key" : 20060122
	},
	{
		"fact_purchase_order_key" : 9,
		"purchase_order_key" : 91,
		"supplier_key" : 3,
		"product_key" : 65,
		"inventory_key" : 57,
		"created_by" : 2,
		"purchase_order_status" : "Approved",
		"po_detail_posted_to_inventory" : 1,
		"po_detail_unit_cost" : 16,
		"po_detail_quantity" : 40,
		"shipping_fee" : 0,
		"taxes" : 0,
		"payment_date" : null,
		"payment_amount" : 0,
		"approved_by" : 2,
		"submitted_by" : 2,
		"submitted_date_key" : 20060114,
		"creation_date_key" : 20060122,
		"po_detail_date_received_key" : 20060122,
		"approved_date_key" : 20060122
	},
	{
		"fact_purchase_order_key" : 10,
		"purchase_order_key" : 91,
		"supplier_key" : 3,
		"product_key" : 66,
		"inventory_key" : 58,
		"created_by" : 2,
		"purchase_order_status" : "Approved",
		"po_detail_posted_to_inventory" : 1,
		"po_detail_unit_cost" : 13,
		"po_detail_quantity" : 80,
		"shipping_fee" : 0,
		"taxes" : 0,
		"payment_date" : null,
		"payment_amount" : 0,
		"approved_by" : 2,
		"submitted_by" : 2,
		"submitted_date_key" : 20060114,
		"creation_date_key" : 20060122,
		"po_detail_date_received_key" : 20060122,
		"approved_date_key" : 20060122
	},
	{
		"fact_purchase_order_key" : 11,
		"purchase_order_key" : 91,
		"supplier_key" : 3,
		"product_key" : 3,
		"inventory_key" : null,
		"created_by" : 2,
		"purchase_order_status" : "Approved",
		"po_detail_posted_to_inventory" : 0,
		"po_detail_unit_cost" : 8,
		"po_detail_quantity" : 50,
		"shipping_fee" : 0,
		"taxes" : 0,
		"payment_date" : null,
		"payment_amount" : 0,
		"approved_by" : 2,
		"submitted_by" : 2,
		"submitted_date_key" : 20060114,
		"creation_date_key" : 20060122,
		"po_detail_date_received_key" : null,
		"approved_date_key" : 20060122
	},
	{
		"fact_purchase_order_key" : 12,
		"purchase_order_key" : 91,
		"supplier_key" : 3,
		"product_key" : 4,
		"inventory_key" : null,
		"created_by" : 2,
		"purchase_order_status" : "Approved",
		"po_detail_posted_to_inventory" : 0,
		"po_detail_unit_cost" : 16,
		"po_detail_quantity" : 40,
		"shipping_fee" : 0,
		"taxes" : 0,
		"payment_date" : null,
		"payment_amount" : 0,
		"approved_by" : 2,
		"submitted_by" : 2,
		"submitted_date_key" : 20060114,
		"creation_date_key" : 20060122,
		"po_detail_date_received_key" : null,
		"approved_date_key" : 20060122
	},
	{
		"fact_purchase_order_key" : 13,
		"purchase_order_key" : 92,
		"supplier_key" : 2,
		"product_key" : 6,
		"inventory_key" : 40,
		"created_by" : 2,
		"purchase_order_status" : "Approved",
		"po_detail_posted_to_inventory" : 1,
		"po_detail_unit_cost" : 19,
		"po_detail_quantity" : 100,
		"shipping_fee" : 0,
		"taxes" : 0,
		"payment_date" : null,
		"payment_amount" : 0,
		"approved_by" : 2,
		"submitted_by" : 2,
		"submitted_date_key" : 20060114,
		"creation_date_key" : 20060122,
		"po_detail_date_received_key" : 20060122,
		"approved_date_key" : 20060122
	},
	{
		"fact_purchase_order_key" : 14,
		"purchase_order_key" : 92,
		"supplier_key" : 2,
		"product_key" : 7,
		"inventory_key" : 41,
		"created_by" : 2,
		"purchase_order_status" : "Approved",
		"po_detail_posted_to_inventory" : 1,
		"po_detail_unit_cost" : 22,
		"po_detail_quantity" : 40,
		"shipping_fee" : 0,
		"taxes" : 0,
		"payment_date" : null,
		"payment_amount" : 0,
		"approved_by" : 2,
		"submitted_by" : 2,
		"submitted_date_key" : 20060114,
		"creation_date_key" : 20060122,
		"po_detail_date_received_key" : 20060122,
		"approved_date_key" : 20060122
	},
	{
		"fact_purchase_order_key" : 15,
		"purchase_order_key" : 92,
		"supplier_key" : 2,
		"product_key" : 8,
		"inventory_key" : 42,
		"created_by" : 2,
		"purchase_order_status" : "Approved",
		"po_detail_posted_to_inventory" : 1,
		"po_detail_unit_cost" : 30,
		"po_detail_quantity" : 40,
		"shipping_fee" : 0,
		"taxes" : 0,
		"payment_date" : null,
		"payment_amount" : 0,
		"approved_by" : 2,
		"submitted_by" : 2,
		"submitted_date_key" : 20060114,
		"creation_date_key" : 20060122,
		"po_detail_date_received_key" : 20060122,
		"approved_date_key" : 20060122
	},
	{
		"fact_purchase_order_key" : 16,
		"purchase_order_key" : 92,
		"supplier_key" : 2,
		"product_key" : 14,
		"inventory_key" : 43,
		"created_by" : 2,
		"purchase_order_status" : "Approved",
		"po_detail_posted_to_inventory" : 1,
		"po_detail_unit_cost" : 17,
		"po_detail_quantity" : 40,
		"shipping_fee" : 0,
		"taxes" : 0,
		"payment_date" : null,
		"payment_amount" : 0,
		"approved_by" : 2,
		"submitted_by" : 2,
		"submitted_date_key" : 20060114,
		"creation_date_key" : 20060122,
		"po_detail_date_received_key" : 20060122,
		"approved_date_key" : 20060122
	},
	{
		"fact_purchase_order_key" : 17,
		"purchase_order_key" : 92,
		"supplier_key" : 2,
		"product_key" : 17,
		"inventory_key" : 44,
		"created_by" : 2,
		"purchase_order_status" : "Approved",
		"po_detail_posted_to_inventory" : 1,
		"po_detail_unit_cost" : 29,
		"po_detail_quantity" : 40,
		"shipping_fee" : 0,
		"taxes" : 0,
		"payment_date" : null,
		"payment_amount" : 0,
		"approved_by" : 2,
		"submitted_by" : 2,
		"submitted_date_key" : 20060114,
		"creation_date_key" : 20060122,
		"po_detail_date_received_key" : 20060122,
		"approved_date_key" : 20060122
	},
	{
		"fact_purchase_order_key" : 18,
		"purchase_order_key" : 92,
		"supplier_key" : 2,
		"product_key" : 19,
		"inventory_key" : 45,
		"created_by" : 2,
		"purchase_order_status" : "Approved",
		"po_detail_posted_to_inventory" : 1,
		"po_detail_unit_cost" : 7,
		"po_detail_quantity" : 20,
		"shipping_fee" : 0,
		"taxes" : 0,
		"payment_date" : null,
		"payment_amount" : 0,
		"approved_by" : 2,
		"submitted_by" : 2,
		"submitted_date_key" : 20060114,
		"creation_date_key" : 20060122,
		"po_detail_date_received_key" : 20060122,
		"approved_date_key" : 20060122
	}
]
