[
	{
		"fact_order_key" : 39,
		"order_key" : 73,
		"employee_key" : 7,
		"customer_key" : 9,
		"product_key" : 41,
		"shipper_key" : 1,
		"order_date_key" : 20060605,
		"paid_date_key" : 20060605,
		"shipped_date_key" : 20060605,
		"quantity" : 10,
		"unit_price" : 9.65,
		"discount" : 0,
		"shipping_fee" : 100,
		"taxes" : 0,
		"tax_rate" : 0,
		"payment_type" : "Check",
		"order_status" : "Closed",
		"order_details_status" : "Invoiced"
	},
	{
		"fact_order_key" : 40,
		"order_key" : 72,
		"employee_key" : 1,
		"customer_key" : 28,
		"product_key" : 43,
		"shipper_key" : 3,
		"order_date_key" : 20060607,
		"paid_date_key" : 20060607,
		"shipped_date_key" : 20060607,
		"quantity" : 5,
		"unit_price" : 46,
		"discount" : 0,
		"shipping_fee" : 40,
		"taxes" : 0,
		"tax_rate" : 0,
		"payment_type" : "Credit Card",
		"order_status" : "Closed",
		"order_details_status" : "Invoiced"
	},
	{
		"fact_order_key" : 41,
		"order_key" : 71,
		"employee_key" : 1,
		"customer_key" : 1,
		"product_key" : 40,
		"shipper_key" : 3,
		"order_date_key" : 20060524,
		"paid_date_key" : null,
		"shipped_date_key" : null,
		"quantity" : 40,
		"unit_price" : 18.4,
		"discount" : 0,
		"shipping_fee" : 0,
		"taxes" : 0,
		"tax_rate" : 0,
		"payment_type" : null,
		"order_status" : "New",
		"order_details_status" : "Invoiced"
	},
	{
		"fact_order_key" : 42,
		"order_key" : 70,
		"employee_key" : 1,
		"customer_key" : 11,
		"product_key" : 8,
		"shipper_key" : 3,
		"order_date_key" : 20060524,
		"paid_date_key" : null,
		"shipped_date_key" : null,
		"quantity" : 20,
		"unit_price" : 40,
		"discount" : 0,
		"shipping_fee" : 0,
		"taxes" : 0,
		"tax_rate" : 0,
		"payment_type" : null,
		"order_status" : "New",
		"order_details_status" : "Invoiced"
	},
	{
		"fact_order_key" : 43,
		"order_key" : 69,
		"employee_key" : 1,
		"customer_key" : 10,
		"product_key" : 80,
		"shipper_key" : 1,
		"order_date_key" : 20060524,
		"paid_date_key" : null,
		"shipped_date_key" : null,
		"quantity" : 15,
		"unit_price" : 3.5,
		"discount" : 0,
		"shipping_fee" : 0,
		"taxes" : 0,
		"tax_rate" : 0,
		"payment_type" : null,
		"order_status" : "New",
		"order_details_status" : "Invoiced"
	},
	{
		"fact_order_key" : 44,
		"order_key" : 67,
		"employee_key" : 4,
		"customer_key" : 10,
		"product_key" : 74,
		"shipper_key" : 2,
		"order_date_key" : 20060524,
		"paid_date_key" : 20060524,
		"shipped_date_key" : 20060524,
		"quantity" : 20,
		"unit_price" : 10,
		"discount" : 0,
		"shipping_fee" : 9,
		"taxes" : 0,
		"tax_rate" : 0,
		"payment_type" : "Credit Card",
		"order_status" : "Closed",
		"order_details_status" : "Invoiced"
	},
	{
		"fact_order_key" : 45,
		"order_key" : 60,
		"employee_key" : 6,
		"customer_key" : 8,
		"product_key" : 72,
		"shipper_key" : 3,
		"order_date_key" : 20060430,
		"paid_date_key" : 20060430,
		"shipped_date_key" : 20060430,
		"quantity" : 40,
		"unit_price" : 34.8,
		"discount" : 0,
		"shipping_fee" : 50,
		"taxes" : 0,
		"tax_rate" : 0,
		"payment_type" : "Credit Card",
		"order_status" : "Closed",
		"order_details_status" : "Invoiced"
	},
	{
		"fact_order_key" : 46,
		"order_key" : 63,
		"employee_key" : 4,
		"customer_key" : 3,
		"product_key" : 3,
		"shipper_key" : 2,
		"order_date_key" : 20060425,
		"paid_date_key" : 20060425,
		"shipped_date_key" : 20060425,
		"quantity" : 50,
		"unit_price" : 10,
		"discount" : 0,
		"shipping_fee" : 7,
		"taxes" : 0,
		"tax_rate" : 0,
		"payment_type" : "Cash",
		"order_status" : "Closed",
		"order_details_status" : "Invoiced"
	},
	{
		"fact_order_key" : 47,
		"order_key" : 63,
		"employee_key" : 4,
		"customer_key" : 3,
		"product_key" : 8,
		"shipper_key" : 2,
		"order_date_key" : 20060425,
		"paid_date_key" : 20060425,
		"shipped_date_key" : 20060425,
		"quantity" : 3,
		"unit_price" : 40,
		"discount" : 0,
		"shipping_fee" : 7,
		"taxes" : 0,
		"tax_rate" : 0,
		"payment_type" : "Cash",
		"order_status" : "Closed",
		"order_details_status" : "Invoiced"
	},
	{
		"fact_order_key" : 48,
		"order_key" : 58,
		"employee_key" : 3,
		"customer_key" : 4,
		"product_key" : 20,
		"shipper_key" : 1,
		"order_date_key" : 20060422,
		"paid_date_key" : 20060422,
		"shipped_date_key" : 20060422,
		"quantity" : 40,
		"unit_price" : 81,
		"discount" : 0,
		"shipping_fee" : 5,
		"taxes" : 0,
		"tax_rate" : 0,
		"payment_type" : "Credit Card",
		"order_status" : "Closed",
		"order_details_status" : "Invoiced"
	},
	{
		"fact_order_key" : 49,
		"order_key" : 58,
		"employee_key" : 3,
		"customer_key" : 4,
		"product_key" : 52,
		"shipper_key" : 1,
		"order_date_key" : 20060422,
		"paid_date_key" : 20060422,
		"shipped_date_key" : 20060422,
		"quantity" : 40,
		"unit_price" : 7,
		"discount" : 0,
		"shipping_fee" : 5,
		"taxes" : 0,
		"tax_rate" : 0,
		"payment_type" : "Credit Card",
		"order_status" : "Closed",
		"order_details_status" : "Invoiced"
	},
	{
		"fact_order_key" : 50,
		"order_key" : 41,
		"employee_key" : 1,
		"customer_key" : 7,
		"product_key" : 43,
		"shipper_key" : null,
		"order_date_key" : 20060324,
		"paid_date_key" : null,
		"shipped_date_key" : null,
		"quantity" : 300,
		"unit_price" : 46,
		"discount" : 0,
		"shipping_fee" : 0,
		"taxes" : 0,
		"tax_rate" : 0,
		"payment_type" : null,
		"order_status" : "New",
		"order_details_status" : "Allocated"
	},
	{
		"fact_order_key" : 51,
		"order_key" : 43,
		"employee_key" : 1,
		"customer_key" : 11,
		"product_key" : 80,
		"shipper_key" : 3,
		"order_date_key" : 20060324,
		"paid_date_key" : null,
		"shipped_date_key" : null,
		"quantity" : 20,
		"unit_price" : 3.5,
		"discount" : 0,
		"shipping_fee" : 0,
		"taxes" : 0,
		"tax_rate" : 0,
		"payment_type" : null,
		"order_status" : "New",
		"order_details_status" : "Allocated"
	},
	{
		"fact_order_key" : 52,
		"order_key" : 43,
		"employee_key" : 1,
		"customer_key" : 11,
		"product_key" : 81,
		"shipper_key" : 3,
		"order_date_key" : 20060324,
		"paid_date_key" : null,
		"shipped_date_key" : null,
		"quantity" : 50,
		"unit_price" : 2.99,
		"discount" : 0,
		"shipping_fee" : 0,
		"taxes" : 0,
		"tax_rate" : 0,
		"payment_type" : null,
		"order_status" : "New",
		"order_details_status" : "Allocated"
	},
	{
		"fact_order_key" : 53,
		"order_key" : 44,
		"employee_key" : 1,
		"customer_key" : 1,
		"product_key" : 1,
		"shipper_key" : null,
		"order_date_key" : 20060324,
		"paid_date_key" : null,
		"shipped_date_key" : null,
		"quantity" : 25,
		"unit_price" : 18,
		"discount" : 0,
		"shipping_fee" : 0,
		"taxes" : 0,
		"tax_rate" : 0,
		"payment_type" : null,
		"order_status" : "New",
		"order_details_status" : "Allocated"
	},
	{
		"fact_order_key" : 54,
		"order_key" : 44,
		"employee_key" : 1,
		"customer_key" : 1,
		"product_key" : 43,
		"shipper_key" : null,
		"order_date_key" : 20060324,
		"paid_date_key" : null,
		"shipped_date_key" : null,
		"quantity" : 25,
		"unit_price" : 46,
		"discount" : 0,
		"shipping_fee" : 0,
		"taxes" : 0,
		"tax_rate" : 0,
		"payment_type" : null,
		"order_status" : "New",
		"order_details_status" : "Allocated"
	},
	{
		"fact_order_key" : 55,
		"order_key" : 44,
		"employee_key" : 1,
		"customer_key" : 1,
		"product_key" : 81,
		"shipper_key" : null,
		"order_date_key" : 20060324,
		"paid_date_key" : null,
		"shipped_date_key" : null,
		"quantity" : 25,
		"unit_price" : 2.99,
		"discount" : 0,
		"shipping_fee" : 0,
		"taxes" : 0,
		"tax_rate" : 0,
		"payment_type" : null,
		"order_status" : "New",
		"order_details_status" : "Allocated"
	},
	{
		"fact_order_key" : 56,
		"order_key" : 80,
		"employee_key" : 2,
		"customer_key" : 4,
		"product_key" : 56,
		"shipper_key" : null,
		"order_date_key" : null,
		"paid_date_key" : null,
		"shipped_date_key" : null,
		"quantity" : 10,
		"unit_price" : 38,
		"discount" : 0,
		"shipping_fee" : 0,
		"taxes" : 0,
		"tax_rate" : 0,
		"payment_type" : null,
		"order_status" : "New",
		"order_details_status" : "Allocated"
	},
	{
		"fact_order_key" : 57,
		"order_key" : 81,
		"employee_key" : 2,
		"customer_key" : 3,
		"product_key" : 81,
		"shipper_key" : null,
		"order_date_key" : null,
		"paid_date_key" : null,
		"shipped_date_key" : null,
		"quantity" : 0,
		"unit_price" : 2.99,
		"discount" : 0,
		"shipping_fee" : 0,
		"taxes" : 0,
		"tax_rate" : 0,
		"payment_type" : null,
		"order_status" : "New",
		"order_details_status" : "No Stock"
	},
	{
		"fact_order_key" : 58,
		"order_key" : 81,
		"employee_key" : 2,
		"customer_key" : 3,
		"product_key" : 56,
		"shipper_key" : null,
		"order_date_key" : null,
		"paid_date_key" : null,
		"shipped_date_key" : null,
		"quantity" : 0,
		"unit_price" : 38,
		"discount" : 0,
		"shipping_fee" : 0,
		"taxes" : 0,
		"tax_rate" : 0,
		"payment_type" : null,
		"order_status" : "New",
		"order_details_status" : "None"
	}
]
