[
	{
		"invoice_key" : 5,
		"order_key" : 31,
		"invoice_date" : "2006-03-22 16:08:59",
		"due_date" : "2006-04-04 11:43:08",
		"tax" : 0,
		"shipping" : 0,
		"amount_due" : 0
	},
	{
		"invoice_key" : 6,
		"order_key" : 32,
		"invoice_date" : "2006-03-22 16:10:27",
		"due_date" : "2006-04-04 11:43:08",
		"tax" : 0,
		"shipping" : 0,
		"amount_due" : 0
	},
	{
		"invoice_key" : 7,
		"order_key" : 40,
		"invoice_date" : "2006-03-24 10:41:41",
		"due_date" : "2006-04-04 11:43:08",
		"tax" : 0,
		"shipping" : 0,
		"amount_due" : 0
	},
	{
		"invoice_key" : 8,
		"order_key" : 39,
		"invoice_date" : "2006-03-24 10:55:46",
		"due_date" : "2006-04-04 11:43:08",
		"tax" : 0,
		"shipping" : 0,
		"amount_due" : 0
	},
	{
		"invoice_key" : 9,
		"order_key" : 38,
		"invoice_date" : "2006-03-24 10:56:57",
		"due_date" : "2006-04-04 11:43:08",
		"tax" : 0,
		"shipping" : 0,
		"amount_due" : 0
	},
	{
		"invoice_key" : 10,
		"order_key" : 37,
		"invoice_date" : "2006-03-24 10:57:38",
		"due_date" : "2006-04-04 11:43:08",
		"tax" : 0,
		"shipping" : 0,
		"amount_due" : 0
	},
	{
		"invoice_key" : 11,
		"order_key" : 36,
		"invoice_date" : "2006-03-24 10:58:40",
		"due_date" : "2006-04-04 11:43:08",
		"tax" : 0,
		"shipping" : 0,
		"amount_due" : 0
	},
	{
		"invoice_key" : 12,
		"order_key" : 35,
		"invoice_date" : "2006-03-24 10:59:41",
		"due_date" : "2006-04-04 11:43:08",
		"tax" : 0,
		"shipping" : 0,
		"amount_due" : 0
	},
	{
		"invoice_key" : 13,
		"order_key" : 34,
		"invoice_date" : "2006-03-24 11:00:55",
		"due_date" : "2006-04-04 11:43:08",
		"tax" : 0,
		"shipping" : 0,
		"amount_due" : 0
	},
	{
		"invoice_key" : 14,
		"order_key" : 33,
		"invoice_date" : "2006-03-24 11:02:02",
		"due_date" : "2006-04-04 11:43:08",
		"tax" : 0,
		"shipping" : 0,
		"amount_due" : 0
	},
	{
		"invoice_key" : 15,
		"order_key" : 30,
		"invoice_date" : "2006-03-24 11:03:00",
		"due_date" : "2006-04-04 11:43:08",
		"tax" : 0,
		"shipping" : 0,
		"amount_due" : 0
	},
	{
		"invoice_key" : 16,
		"order_key" : 56,
		"invoice_date" : "2006-04-03 13:50:15",
		"due_date" : "2006-04-04 11:43:08",
		"tax" : 0,
		"shipping" : 0,
		"amount_due" : 0
	},
	{
		"invoice_key" : 17,
		"order_key" : 55,
		"invoice_date" : "2006-04-04 11:05:04",
		"due_date" : "2006-04-04 11:43:08",
		"tax" : 0,
		"shipping" : 0,
		"amount_due" : 0
	},
	{
		"invoice_key" : 18,
		"order_key" : 51,
		"invoice_date" : "2006-04-04 11:06:13",
		"due_date" : "2006-04-04 11:43:08",
		"tax" : 0,
		"shipping" : 0,
		"amount_due" : 0
	},
	{
		"invoice_key" : 19,
		"order_key" : 50,
		"invoice_date" : "2006-04-04 11:06:56",
		"due_date" : "2006-04-04 11:43:08",
		"tax" : 0,
		"shipping" : 0,
		"amount_due" : 0
	},
	{
		"invoice_key" : 20,
		"order_key" : 48,
		"invoice_date" : "2006-04-04 11:07:37",
		"due_date" : "2006-04-04 11:43:08",
		"tax" : 0,
		"shipping" : 0,
		"amount_due" : 0
	},
	{
		"invoice_key" : 21,
		"order_key" : 47,
		"invoice_date" : "2006-04-04 11:08:14",
		"due_date" : "2006-04-04 11:43:08",
		"tax" : 0,
		"shipping" : 0,
		"amount_due" : 0
	},
	{
		"invoice_key" : 22,
		"order_key" : 46,
		"invoice_date" : "2006-04-04 11:08:49",
		"due_date" : "2006-04-04 11:43:08",
		"tax" : 0,
		"shipping" : 0,
		"amount_due" : 0
	},
	{
		"invoice_key" : 23,
		"order_key" : 45,
		"invoice_date" : "2006-04-04 11:09:24",
		"due_date" : "2006-04-04 11:43:08",
		"tax" : 0,
		"shipping" : 0,
		"amount_due" : 0
	},
	{
		"invoice_key" : 24,
		"order_key" : 79,
		"invoice_date" : "2006-04-04 11:35:54",
		"due_date" : "2006-04-04 11:43:08",
		"tax" : 0,
		"shipping" : 0,
		"amount_due" : 0
	},
	{
		"invoice_key" : 25,
		"order_key" : 78,
		"invoice_date" : "2006-04-04 11:36:21",
		"due_date" : "2006-04-04 11:43:08",
		"tax" : 0,
		"shipping" : 0,
		"amount_due" : 0
	},
	{
		"invoice_key" : 26,
		"order_key" : 77,
		"invoice_date" : "2006-04-04 11:36:47",
		"due_date" : "2006-04-04 11:43:08",
		"tax" : 0,
		"shipping" : 0,
		"amount_due" : 0
	},
	{
		"invoice_key" : 27,
		"order_key" : 76,
		"invoice_date" : "2006-04-04 11:37:09",
		"due_date" : "2006-04-04 11:43:08",
		"tax" : 0,
		"shipping" : 0,
		"amount_due" : 0
	},
	{
		"invoice_key" : 28,
		"order_key" : 75,
		"invoice_date" : "2006-04-04 11:37:49",
		"due_date" : "2006-04-04 11:43:08",
		"tax" : 0,
		"shipping" : 0,
		"amount_due" : 0
	},
	{
		"invoice_key" : 29,
		"order_key" : 74,
		"invoice_date" : "2006-04-04 11:38:11",
		"due_date" : "2006-04-04 11:43:08",
		"tax" : 0,
		"shipping" : 0,
		"amount_due" : 0
	},
	{
		"invoice_key" : 30,
		"order_key" : 73,
		"invoice_date" : "2006-04-04 11:38:32",
		"due_date" : "2006-04-04 11:43:08",
		"tax" : 0,
		"shipping" : 0,
		"amount_due" : 0
	},
	{
		"invoice_key" : 31,
		"order_key" : 72,
		"invoice_date" : "2006-04-04 11:38:53",
		"due_date" : "2006-04-04 11:43:08",
		"tax" : 0,
		"shipping" : 0,
		"amount_due" : 0
	},
	{
		"invoice_key" : 32,
		"order_key" : 71,
		"invoice_date" : "2006-04-04 11:39:29",
		"due_date" : "2006-04-04 11:43:08",
		"tax" : 0,
		"shipping" : 0,
		"amount_due" : 0
	},
	{
		"invoice_key" : 33,
		"order_key" : 70,
		"invoice_date" : "2006-04-04 11:39:53",
		"due_date" : "2006-04-04 11:43:08",
		"tax" : 0,
		"shipping" : 0,
		"amount_due" : 0
	},
	{
		"invoice_key" : 34,
		"order_key" : 69,
		"invoice_date" : "2006-04-04 11:40:16",
		"due_date" : "2006-04-04 11:43:08",
		"tax" : 0,
		"shipping" : 0,
		"amount_due" : 0
	},
	{
		"invoice_key" : 35,
		"order_key" : 67,
		"invoice_date" : "2006-04-04 11:40:38",
		"due_date" : "2006-04-04 11:43:08",
		"tax" : 0,
		"shipping" : 0,
		"amount_due" : 0
	},
	{
		"invoice_key" : 36,
		"order_key" : 42,
		"invoice_date" : "2006-04-04 11:41:14",
		"due_date" : "2006-04-04 11:43:08",
		"tax" : 0,
		"shipping" : 0,
		"amount_due" : 0
	},
	{
		"invoice_key" : 37,
		"order_key" : 60,
		"invoice_date" : "2006-04-04 11:41:45",
		"due_date" : "2006-04-04 11:43:08",
		"tax" : 0,
		"shipping" : 0,
		"amount_due" : 0
	},
	{
		"invoice_key" : 38,
		"order_key" : 63,
		"invoice_date" : "2006-04-04 11:42:26",
		"due_date" : "2006-04-04 11:43:08",
		"tax" : 0,
		"shipping" : 0,
		"amount_due" : 0
	},
	{
		"invoice_key" : 39,
		"order_key" : 58,
		"invoice_date" : "2006-04-04 11:43:08",
		"due_date" : "2006-04-04 11:43:08",
		"tax" : 0,
		"shipping" : 0,
		"amount_due" : 0
	}
]
